sezon,takim,elo
2011-2012,Alsancak Yeşilova SK,1254.8509750968435
2011-2012,Baf Ülkü Yurdu,1258.8207479343278
2011-2012,Bellapais Tatlısu HOSK,1258.0083057373658
2011-2012,Binatlı YSK,1404.565640667725
2011-2012,Bostancı Bağcıl SK,1507.0057078783798
2011-2012,Cihangir GSK,1509.765543612562
2011-2012,Doğan Türk Birliği,1433.944131025695
2011-2012,Dumlupınar TSK,1321.5537443291864
2011-2012,Düzkaya KOSK,1365.0244374829074
2011-2012,Esentepe KSKK,1388.6377093470794
2011-2012,Gençlik Gücü TSK,1562.9234104284033
2011-2012,Gönyeli SK,1163.9341797407167
2011-2012,Görneç KSK,1425.5417316269984
2011-2012,Göçmenköy İYSK,1294.138302475018
2011-2012,Hamitköy ŞHSK,1507.9764531539386
2011-2012,Küçük Kaymaklı TSK,1504.8201468382501
2011-2012,Lapta Türk Birliği SK,1410.4204043718896
2011-2012,Lefke TSK,1429.1694818731871
2011-2012,Mağusa Türk Gücü,1577.6275931393677
2011-2012,Mormenekşe GBSK,1427.8939549276045
2011-2012,Ozanköy SK,1370.9340953334838
2011-2012,Serdarlı GB,1599.5327453114483
2011-2012,Türk Ocağı Limasol SK,1299.1510483149764
2011-2012,Türkmenköy ASK,1387.5181560435242
2011-2012,Yeniboğaziçi DSK,1304.1474919381421
2011-2012,Yenicami AK,1482.0876188900654
2011-2012,Çanakkale TSK,1153.7026887732902
2011-2012,Çetinkaya TSK,1677.8719900652904
2012-2013,Bellapais Tatlısu HOSK,1340.1677903107602
2012-2013,Binatlı YSK,1378.935932451558
2012-2013,Bostancı Bağcıl SK,1431.5819113591288
2012-2013,Cihangir GSK,1507.8024473000435
2012-2013,Doğan Türk Birliği,1534.2227854210994
2012-2013,Dumlupınar TSK,1365.9541740046272
2012-2013,Düzkaya KOSK,1392.6331284108214
2012-2013,Esentepe KSKK,1347.6467916890986
2012-2013,Gençlik Gücü TSK,1488.675647813946
2012-2013,Gönyeli SK,1352.5858047144409
2012-2013,Görneç KSK,1362.0135234539925
2012-2013,Göçmenköy İYSK,1196.1918474576237
2012-2013,Hamitköy ŞHSK,1431.48927447276
2012-2013,Küçük Kaymaklı TSK,1544.3777589745118
2012-2013,L. Gençler Birliği SK,1421.2179940863496
2012-2013,Lapta Türk Birliği SK,1365.0171376024841
2012-2013,Lefke TSK,1469.5765441907863
2012-2013,Mağusa Türk Gücü,1506.575138705036
2012-2013,Mormenekşe GBSK,1498.9229324477672
2012-2013,Ozanköy SK,1367.0986972836079
2012-2013,Serdarlı GB,1358.16469871097
2012-2013,Türk Ocağı Limasol SK,1194.1098427562924
2012-2013,Türkmenköy ASK,1343.8189333609405
2012-2013,Vadili TÇBSK,1101.1053944381501
2012-2013,Yalova SK,1452.2221164522944
2012-2013,Yeniboğaziçi DSK,1424.7677960174196
2012-2013,Yenicami AK,1655.999815164372
2012-2013,Çetinkaya TSK,1823.7371376495091
2013-2014,Akıncılar GSK,1360.5476752926113
2013-2014,Baf Ülkü Yurdu,1307.914461052903
2013-2014,Binatlı YSK,1281.2908428184892
2013-2014,Bostancı Bağcıl SK,1480.8089588587125
2013-2014,Cihangir GSK,1485.8961316085606
2013-2014,Değirmenlik SK,1305.352895467067
2013-2014,Doğan Türk Birliği,1530.2730162374626
2013-2014,Dumlupınar TSK,1367.7765331557257
2013-2014,Düzkaya KOSK,1297.9576772568053
2013-2014,Esentepe KSKK,1467.1349923275927
2013-2014,Gençlik Gücü TSK,1121.7395040340982
2013-2014,Gönyeli SK,1485.5424046734088
2013-2014,Göçmenköy İYSK,1312.4056431670156
2013-2014,Hamitköy ŞHSK,1381.3685966900155
2013-2014,Küçük Kaymaklı TSK,1743.4003462735652
2013-2014,L. Gençler Birliği SK,1417.3703727355137
2013-2014,Lapta Türk Birliği SK,1410.5995260308518
2013-2014,Lefke TSK,1603.4960575917528
2013-2014,Mağusa Türk Gücü,1485.7882161424454
2013-2014,Mormenekşe GBSK,1460.3615036522283
2013-2014,Ozanköy SK,1288.9382387606265
2013-2014,Serdarlı GB,1489.9799471078238
2013-2014,Türk Ocağı Limasol SK,1476.875014124824
2013-2014,Türkmenköy ASK,1206.8834403078213
2013-2014,Yalova SK,1330.6372183364854
2013-2014,Yeniboğaziçi DSK,1323.8088193960766
2013-2014,Yenicami AK,1751.4114248530066
2013-2014,Çetinkaya TSK,1563.8156614483569
2014-2015,Akıncılar GSK,1100.5457684758992
2014-2015,Binatlı YSK,1448.290400633406
2014-2015,Bostancı Bağcıl SK,1468.4146479344631
2014-2015,Cihangir GSK,1529.4083305746883
2014-2015,Denizli SK,1299.5001703939874
2014-2015,Değirmenlik SK,1493.5616394577103
2014-2015,Doğan Türk Birliği,1544.025369386867
2014-2015,Dumlupınar TSK,1395.20862735317
2014-2015,Düzkaya KOSK,1341.388180707143
2014-2015,Esentepe KSKK,1372.690650080259
2014-2015,Gençlik Gücü TSK,1256.4678444161677
2014-2015,Geçitkale GSK,1075.6497798811906
2014-2015,Gönyeli SK,1158.5896392601499
2014-2015,Görneç KSK,1386.5665173748498
2014-2015,Göçmenköy İYSK,1354.1130882301345
2014-2015,Hamitköy ŞHSK,1413.198170624886
2014-2015,Küçük Kaymaklı TSK,1679.3860704642577
2014-2015,L. Gençler Birliği SK,1474.7373855951778
2014-2015,Lapta Türk Birliği SK,1128.5121208442026
2014-2015,Lefke TSK,1502.8640345934957
2014-2015,Mağusa Türk Gücü,1555.3903555161626
2014-2015,Mormenekşe GBSK,1600.333726145903
2014-2015,Serdarlı GB,1508.5094078771383
2014-2015,Türk Ocağı Limasol SK,1646.6247229603944
2014-2015,Yalova SK,1494.8427634425009
2014-2015,Yeniboğaziçi DSK,1438.9590426243965
2014-2015,Yenicami AK,1796.9059276755925
2014-2015,Çetinkaya TSK,1441.0442033296392
2015-2016,Baf Ülkü Yurdu,1442.7020824859135
2015-2016,Binatlı YSK,1512.5610601914589
2015-2016,Bostancı Bağcıl SK,1226.7437404186737
2015-2016,Cihangir GSK,1513.7562222918257
2015-2016,Denizli SK,1400.7950216551792
2015-2016,Değirmenlik SK,1404.4470640378474
2015-2016,Doğan Türk Birliği,1451.9886324798124
2015-2016,Dumlupınar TSK,1580.4600714102921
2015-2016,Düzkaya KOSK,1315.7108709615668
2015-2016,Esentepe KSKK,1272.1767091245829
2015-2016,Gençlik Gücü TSK,1499.8330228364891
2015-2016,Girne Halk Evi SK,1348.433186552948
2015-2016,Gönyeli SK,1262.535843414338
2015-2016,Görneç KSK,1259.2151583763934
2015-2016,Göçmenköy İYSK,1306.5092252631207
2015-2016,Hamitköy ŞHSK,1320.7965151094945
2015-2016,Küçük Kaymaklı TSK,1596.3186677902743
2015-2016,L. Gençler Birliği SK,1598.2742164002398
2015-2016,Lapta Türk Birliği SK,1183.5108101798812
2015-2016,Lefke TSK,1543.2978911191904
2015-2016,M. Karşıyaka ASK,1228.3354189808763
2015-2016,Mağusa Türk Gücü,1622.080095003593
2015-2016,Mormenekşe GBSK,1427.9174927121633
2015-2016,Türk Ocağı Limasol SK,1633.6685977602594
2015-2016,Yalova SK,1517.8810191786295
2015-2016,Yeniboğaziçi DSK,1330.9104737905825
2015-2016,Yenicami AK,1594.2308015954857
2015-2016,Çetinkaya TSK,1663.2837487986912
2016-2017,Akova Vuda TÇBSK,1395.8715081257021
2016-2017,Alsancak Yeşilova SK,1549.404345447305
2016-2017,Baf Ülkü Yurdu,1444.2055064820172
2016-2017,Binatlı YSK,1481.8704215903856
2016-2017,Cihangir GSK,1620.5050771232532
2016-2017,Değirmenlik SK,1311.8902151935365
2016-2017,Dipkarpaz SK,1102.228751055466
2016-2017,Doğan Türk Birliği,1668.72067843787
2016-2017,Dumlupınar TSK,1258.1412853404793
2016-2017,Düzkaya KOSK,1366.9805942448397
2016-2017,Gençlik Gücü TSK,1459.3661437260553
2016-2017,Göçmenköy İYSK,1457.0674680166526
2016-2017,Hamitköy ŞHSK,1405.3642832681828
2016-2017,Küçük Kaymaklı TSK,1626.3553085218796
2016-2017,L. Gençler Birliği SK,1601.1112213806416
2016-2017,Lefke TSK,1484.3865447883345
2016-2017,Maraş GSK,1383.8379330874216
2016-2017,Mağusa Türk Gücü,1446.864597931503
2016-2017,Mehmetçik TÇBSK,1418.8422629202828
2016-2017,Mesarya SK,1373.866079764601
2016-2017,Mormenekşe GBSK,1298.5382094261147
2016-2017,Türk Ocağı Limasol SK,1589.903440662756
2016-2017,Yalova SK,1537.9551887234854
2016-2017,Yeniboğaziçi DSK,1439.2685763329396
2016-2017,Yenicami AK,1751.2233308794418
2016-2017,Çetinkaya TSK,1474.346327406722
2017-2018,Akova Vuda TÇBSK,1359.9297017998938
2017-2018,Alsancak Yeşilova SK,1600.3619863822432
2017-2018,Baf Ülkü Yurdu,1578.3559623783858
2017-2018,Binatlı YSK,1520.7008496581711
2017-2018,Bostancı Bağcıl SK,1304.8684099606103
2017-2018,Cihangir GSK,1575.5529867852663
2017-2018,Değirmenlik SK,1317.4976683551236
2017-2018,Doğan Türk Birliği,1615.9094689095484
2017-2018,Doğancı SK,1391.953891902597
2017-2018,Dumlupınar TSK,1421.0090212029318
2017-2018,Esentepe KSKK,1363.5045049033804
2017-2018,Gençlik Gücü TSK,1398.8593676144003
2017-2018,Girne Halk Evi SK,1475.3120920609124
2017-2018,Gönyeli SK,1492.8862985361484
2017-2018,Görneç KSK,1158.6604125653448
2017-2018,Göçmenköy İYSK,1315.969827458327
2017-2018,Hamitköy ŞHSK,1412.530091795669
2017-2018,Küçük Kaymaklı TSK,1463.281296249223
2017-2018,L. Gençler Birliği SK,1446.6210882230787
2017-2018,Lapta Türk Birliği SK,1281.9444832061386
2017-2018,Lefke TSK,1584.1780289816115
2017-2018,Maraş GSK,1396.7370452745563
2017-2018,Mağusa Türk Gücü,1526.551300680644
2017-2018,Mehmetçik TÇBSK,1272.5643062843835
2017-2018,Mormenekşe GBSK,1393.1785281871987
2017-2018,Ozanköy SK,1270.1372302233667
2017-2018,Türk Ocağı Limasol SK,1542.7085802166719
2017-2018,Yalova SK,1346.8493481824546
2017-2018,Yeniboğaziçi DSK,1292.6251364870225
2017-2018,Yenicami AK,1650.6597056888334
2017-2018,Çanakkale TSK,1343.3865284676717
2017-2018,Çetinkaya TSK,1602.6805716968602
2018-2019,Akova Vuda TÇBSK,1500.5136213634635
2018-2019,Alsancak Yeşilova SK,1618.1953327919198
2018-2019,Baf Ülkü Yurdu,1414.7743044002546
2018-2019,Binatlı YSK,1366.247284491127
2018-2019,Bostancı Bağcıl SK,1335.3011939132587
2018-2019,Cihangir GSK,1407.0170795580523
2018-2019,Değirmenlik SK,1225.8334392115844
2018-2019,Doğan Türk Birliği,1619.3301982260416
2018-2019,Doğancı SK,1222.5098480472845
2018-2019,Dumlupınar TSK,1379.8764788704123
2018-2019,Düzkaya KOSK,1541.898149251947
2018-2019,Esentepe KSKK,1400.970361853297
2018-2019,Gençlik Gücü TSK,1469.2555365600476
2018-2019,Girne Halk Evi SK,1268.166613556367
2018-2019,Gönyeli SK,1487.3239166498586
2018-2019,Göçmenköy İYSK,1450.4561976936498
2018-2019,Hamitköy ŞHSK,1469.4158079960232
2018-2019,Küçük Kaymaklı TSK,1446.8971143632584
2018-2019,L. Gençler Birliği SK,1274.3862624983428
2018-2019,Lefke TSK,1519.0541723865529
2018-2019,M. Karşıyaka ASK,1290.209601652736
2018-2019,Maraş GSK,1383.0597801967485
2018-2019,Mağusa Türk Gücü,1796.0423374564327
2018-2019,Mesarya SK,1390.5331408970346
2018-2019,Mormenekşe GBSK,1349.7405531552606
2018-2019,Ozanköy SK,1544.2257370194684
2018-2019,Türk Ocağı Limasol SK,1527.723243776988
2018-2019,Yalova SK,1340.816067664175
2018-2019,Yeniboğaziçi DSK,1162.1006962439426
2018-2019,Yenicami AK,1804.5586646892043
2018-2019,Çanakkale TSK,1254.846251536275
2018-2019,Çetinkaya TSK,1527.8681244347151
2019-2020,Alsancak Yeşilova SK,1707.559386802138
2019-2020,Baf Ülkü Yurdu,1526.8277956033205
2019-2020,Binatlı YSK,1454.0300686879318
2019-2020,Bostancı Bağcıl SK,1299.933108146156
2019-2020,Cihangir GSK,1377.8324304001926
2019-2020,Doğan Türk Birliği,1604.9770862907874
2019-2020,Doğancı SK,1235.9710718320612
2019-2020,Dumlupınar TSK,1568.3090098427754
2019-2020,Dörtyol SK,1359.171168126282
2019-2020,Düzkaya KOSK,1395.6161501894157
2019-2020,Esentepe KSKK,1475.8678766164492
2019-2020,Gençlik Gücü TSK,1264.6730711247246
2019-2020,Girne Halk Evi SK,1543.667315893972
2019-2020,Gönyeli SK,1502.237386976888
2019-2020,Görneç KSK,1313.8763100888725
2019-2020,Göçmenköy İYSK,1484.9452335538988
2019-2020,Hamitköy ŞHSK,1420.912739832214
2019-2020,Küçük Kaymaklı TSK,1395.4503937788886
2019-2020,L. Gençler Birliği SK,1336.9750469363432
2019-2020,Lapta Türk Birliği SK,1295.1635248497255
2019-2020,Lefke TSK,1462.44378198337
2019-2020,M. Karşıyaka ASK,1312.2124340805776
2019-2020,Maraş GSK,1345.6988204500565
2019-2020,Mağusa Türk Gücü,1851.1534421713443
2019-2020,Mesarya SK,1630.8684207039396
2019-2020,Mormenekşe GBSK,1312.5490359938722
2019-2020,Ozanköy SK,1056.8839082220152
2019-2020,Türk Ocağı Limasol SK,1550.465204904099
2019-2020,Yalova SK,1354.4260411465946
2019-2020,Yenicami AK,1600.890714827466
2019-2020,Çanakkale TSK,1207.903409662017
2019-2020,Çetinkaya TSK,1368.7456923863003
2021-2022,Alsancak Yeşilova SK,1563.6059039380539
2021-2022,Baf Ülkü Yurdu,1346.3085307824315
2021-2022,Binatlı YSK,1277.680720792017
2021-2022,Bostancı Bağcıl SK,1167.2892183608699
2021-2022,Cihangir GSK,1592.8275883151139
2021-2022,Değirmenlik SK,1416.3945939162302
2021-2022,Doğan Türk Birliği,1576.9395379753314
2021-2022,Dumlupınar TSK,1597.1434630607719
2021-2022,Dörtyol SK,1307.0022600275902
2021-2022,Düzkaya KOSK,1398.6655157225864
2021-2022,Esentepe KSKK,1461.1140589479205
2021-2022,Gençlik Gücü TSK,1532.5908354755702
2021-2022,Girne Halk Evi SK,1133.4076020176792
2021-2022,Gönyeli SK,1558.043312588786
2021-2022,Görneç KSK,1085.3667354877668
2021-2022,Göçmenköy İYSK,1486.956546162077
2021-2022,Hamitköy ŞHSK,1441.0474806292486
2021-2022,Küçük Kaymaklı TSK,1515.349852230036
2021-2022,L. Gençler Birliği SK,1448.1409411852098
2021-2022,Lefke TSK,1542.3790692560503
2021-2022,M. Karşıyaka ASK,1481.9689791242122
2021-2022,Maraş GSK,1327.3656270366666
2021-2022,Mağusa Türk Gücü,1789.2701937916472
2021-2022,Mesarya SK,1613.1360563502822
2021-2022,Mormenekşe GBSK,1317.1446136588138
2021-2022,Türk Ocağı Limasol SK,1413.4840878519003
2021-2022,Yalova SK,1317.9311106109997
2021-2022,Yeniboğaziçi DSK,1354.3579326402855
2021-2022,Yenicami AK,1683.6592019700063
2021-2022,Çanakkale TSK,1091.2324444697922
2021-2022,Çetinkaya TSK,1636.6068817766995
2021-2022,İncirli SK,1268.5643277847055
2022-2023,Alsancak Yeşilova SK,1539.8724079764559
2022-2023,Baf Ülkü Yurdu,1331.85568196562
2022-2023,Binatlı YSK,1365.2467843659322
2022-2023,Cihangir GSK,1636.6319311874445
2022-2023,Değirmenlik SK,1605.319593020534
2022-2023,Doğan Türk Birliği,1719.4520454115395
2022-2023,Dumlupınar TSK,1562.3128404740282
2022-2023,Dörtyol SK,1278.3257427326032
2022-2023,Düzkaya KOSK,1428.2988999274696
2022-2023,Esentepe KSKK,1564.0882794701624
2022-2023,Gençlik Gücü TSK,1402.2747622537995
2022-2023,Girne Halk Evi SK,1314.651406917697
2022-2023,Gönyeli SK,1217.929663721972
2022-2023,Göçmenköy İYSK,1442.2686702124736
2022-2023,Hamitköy ŞHSK,1358.838106205672
2022-2023,Karşıyaka SK,1505.6387513798597
2022-2023,Küçük Kaymaklı TSK,1454.724129855685
2022-2023,L. Gençler Birliği SK,1422.7678193937977
2022-2023,Lapta Türk Birliği SK,1381.4177200716351
2022-2023,Lefke TSK,1481.5872012877574
2022-2023,M. Hacıali Yılmazköy SK,1271.8422518235006
2022-2023,Maraş GSK,1390.6885082618453
2022-2023,Mağusa Türk Gücü,1874.6542162912992
2022-2023,Mesarya SK,1705.2625771722733
2022-2023,Mormenekşe GBSK,1360.7623518237162
2022-2023,Türk Ocağı Limasol SK,1354.1476884556262
2022-2023,Yalova SK,1398.4393438500326
2022-2023,Yeniboğaziçi DSK,1535.3573842735946
2022-2023,Yenicami AK,1562.8328703425373
2022-2023,Yenierenköy TSK,1080.221545016995
2022-2023,Çetinkaya TSK,1425.938868439278
2022-2023,İncirli SK,1140.1096254918846
2023-2024,Alsancak Yeşilova SK,1456.3031074979158
2023-2024,Baf Ülkü Yurdu,1179.201186952225
2023-2024,Binatlı YSK,1415.913650277695
2023-2024,Cihangir GSK,1731.5222035037878
2023-2024,Değirmenlik SK,1737.2309315923028
2023-2024,Doğan Türk Birliği,1588.1548932403903
2023-2024,Dumlupınar TSK,1479.2562869916674
2023-2024,Düzkaya KOSK,1342.4120991279256
2023-2024,Esentepe KSKK,1437.2098739005871
2023-2024,Gençlik Gücü TSK,1437.6653800254787
2023-2024,Geçitkale GSK,1311.1427650490182
2023-2024,Girne Halk Evi SK,1177.1896264502661
2023-2024,Gönyeli SK,1439.0911007769942
2023-2024,Göçmenköy İYSK,1610.9945245431954
2023-2024,Hamitköy ŞHSK,1366.7736253930823
2023-2024,Karşıyaka SK,1593.482809838025
2023-2024,Küçük Kaymaklı TSK,1439.7572745931043
2023-2024,L. Gençler Birliği SK,1530.7099042377267
2023-2024,Lapta Türk Birliği SK,1294.6317095419986
2023-2024,Lefke TSK,1544.6875312949396
2023-2024,M. Hacıali Yılmazköy SK,1406.1810189012224
2023-2024,Maraş GSK,1322.2167424363358
2023-2024,Mağusa Türk Gücü,1874.0015422730366
2023-2024,Mesarya SK,1435.1755448352594
2023-2024,Mormenekşe GBSK,1391.6768300426206
2023-2024,Ozanköy SK,1275.6104567610444
2023-2024,Türk Ocağı Limasol SK,1089.5127315963102
2023-2024,Yalova SK,1410.4954275590817
2023-2024,Yeniboğaziçi DSK,1252.8638504616245
2023-2024,Yenicami AK,1436.6184970593672
2023-2024,Çanakkale TSK,1416.4463920009014
2023-2024,Çetinkaya TSK,1594.8318313629306
2024-2025,Alsancak Yeşilova SK,1576.8203828421151
2024-2025,Binatlı YSK,1519.100054779213
2024-2025,Cihangir GSK,1635.7188036061336
2024-2025,Değirmenlik SK,1529.6523073764633
2024-2025,Dipkarpaz SK,1234.0971656840034
2024-2025,Doğan Türk Birliği,1781.8343387430057
2024-2025,Dumlupınar TSK,1448.8410946366441
2024-2025,Düzkaya KOSK,1373.3845645724614
2024-2025,Esentepe KSKK,1492.8999761353816
2024-2025,Gençlik Gücü TSK,1563.09175755442
2024-2025,Geçitkale GSK,1381.0721066848155
2024-2025,Gönyeli SK,1440.1735711733766
2024-2025,Göçmenköy İYSK,1468.6643975229906
2024-2025,Hamitköy ŞHSK,1360.813761636432
2024-2025,Karşıyaka SK,1412.7657749161815
2024-2025,Kozanköy KSK,1509.0065808681557
2024-2025,Küçük Kaymaklı TSK,1535.752580709272
2024-2025,L. Gençler Birliği SK,1271.0638548997727
2024-2025,Lapta Türk Birliği SK,1293.466047553048
2024-2025,Lefke TSK,1503.611768252303
2024-2025,M. Hacıali Yılmazköy SK,1354.0546226378126
2024-2025,Maraş GSK,1347.704786210607
2024-2025,Mağusa Türk Gücü,1834.787228694479
2024-2025,Mesarya SK,1431.7841595944767
2024-2025,Mormenekşe GBSK,1515.57129092962
2024-2025,Türk Ocağı Limasol SK,1487.4758779636993
2024-2025,Vadili TÇBSK,1107.0204115718896
2024-2025,Yalova SK,1315.876093807006
2024-2025,Yeniboğaziçi DSK,1529.0832272126304
2024-2025,Yenicami AK,1369.4689621114
2024-2025,Çanakkale TSK,982.3956944481636
2024-2025,Çetinkaya TSK,1560.268384220232
2025-2026,Alsancak Yeşilova SK,1443.7713507106484
2025-2026,Aslanköy GSD,1565.7758062065818
2025-2026,Baf Ülkü Yurdu,1498.1232144260634
2025-2026,Binatlı YSK,1421.8388095055338
2025-2026,Cihangir GSK,1785.3149824377506
2025-2026,Değirmenlik SK,1607.2305123853093
2025-2026,Doğan Türk Birliği,1765.3313956297309
2025-2026,Dumlupınar TSK,1515.261546475914
2025-2026,Düzkaya KOSK,1510.7826394262072
2025-2026,Esentepe KSKK,1454.1937801335034
2025-2026,Gençlik Gücü TSK,1790.665795386138
2025-2026,Geçitkale GSK,1379.082008670964
2025-2026,Gönyeli SK,1256.3312940959042
2025-2026,Göçmenköy İYSK,1407.5538578327867
2025-2026,Hamitköy ŞHSK,1117.5253827157578
2025-2026,Kaplıca Karadeniz 61 SK,1123.6848295550021
2025-2026,Karşıyaka SK,1399.7117455359062
2025-2026,Kozanköy KSK,1362.8712033331424
2025-2026,Küçük Kaymaklı TSK,1453.8549761111374
2025-2026,L. Gençler Birliği SK,1479.5057640197156
2025-2026,Lapta Türk Birliği SK,1504.8307108319261
2025-2026,Lefke TSK,1433.8838383575549
2025-2026,M. Hacıali Yılmazköy SK,1400.2890435370152
2025-2026,Maraş GSK,1309.3618754280421
2025-2026,Mağusa Türk Gücü,1666.5882749338298
2025-2026,Mesarya SK,1506.7286120895658
2025-2026,Mormenekşe GBSK,1397.2787454096372
2025-2026,Türk Ocağı Limasol SK,1402.8072286484744
2025-2026,Yalova SK,1383.0414836339155
2025-2026,Yeniboğaziçi DSK,1272.7639415440005
2025-2026,Yenicami AK,1459.8269461865193
2025-2026,Çetinkaya TSK,1500.3174914361896
2026-2027,Akdoğan SK,1374.9453586348288
2026-2027,Alsancak Yeşilova SK,1442.1789049901647
2026-2027,Aslanköy GSD,1537.8535498631188
2026-2027,Baf Ülkü Yurdu,1407.7322940982665
2026-2027,Cihangir GSK,1687.1924616688375
2026-2027,Değirmenlik SK,1612.4206796112771
2026-2027,Dikmen Gücü SK,1448.3184450009908
2026-2027,Doğan Türk Birliği,1692.801393309866
2026-2027,Dumlupınar TSK,1512.0838593961955
2026-2027,Düzkaya KOSK,1429.0555254304747
2026-2027,Esentepe KSKK,1434.3109790283495
2026-2027,Gençlik Gücü TSK,1705.4025738765752
2026-2027,Geçitkale GSK,1314.864748760947
2026-2027,Gönyeli SK,1307.123039348982
2026-2027,Göçmenköy İYSK,1471.3769731821076
2026-2027,Karaoğlanoğlu SK,1489.0948378065277
2026-2027,Karşıyaka SK,1471.875020586218
2026-2027,Küçük Kaymaklı TSK,1425.797535335553
2026-2027,L. Gençler Birliği SK,1501.0588660569088
2026-2027,Lapta Türk Birliği SK,1482.259924661811
2026-2027,Lefke TSK,1447.49096275863
2026-2027,M. Hacıali Yılmazköy SK,1420.9459402155637
2026-2027,Maraş GSK,1298.986219755553
2026-2027,Mağusa Türk Gücü,1631.0513537477332
2026-2027,Mesarya SK,1482.4750886502657
2026-2027,Mormenekşe GBSK,1414.3099677590794
2026-2027,Türk Ocağı Limasol SK,1461.406805167257
2026-2027,Yeniboğaziçi DSK,1281.1210070590616
2026-2027,Yenicami AK,1384.2133667067408
2026-2027,Çetinkaya TSK,1418.9891795975939
