k,hfa,regress,gd_mode,logloss,brier,acc
40,0,0.2,wfe,0.9585402816504329,0.5679022619380244,0.5489379425239483
40,20,0.2,wfe,0.9585622035320568,0.5679183357422724,0.5489379425239483
40,40,0.2,wfe,0.9586379901772658,0.5679719041086569,0.5497709287796751
40,0,0.3,wfe,0.9587136053190188,0.56803481223162,0.5522698875468555
40,20,0.3,wfe,0.958719786793912,0.5680389400145989,0.5522698875468555
32,0,0.2,wfe,0.958753149910712,0.5680701518228916,0.5472719700124948
40,60,0.2,wfe,0.9587681311673233,0.5680634879188418,0.5489379425239483
40,40,0.3,wfe,0.9587772161220165,0.5680785655775135,0.5497709287796751
32,0,0.3,wfe,0.9587929878093536,0.5681037786223323,0.5522698875468555
32,20,0.2,wfe,0.9587948788347955,0.5681000408392979,0.5485214493960849
32,20,0.3,wfe,0.9588196680728531,0.5681220224289835,0.5510204081632653
48,0,0.2,wfe,0.9588268640743582,0.5681008273563147,0.5539358600583091
48,20,0.2,wfe,0.9588289892967405,0.5681034044802798,0.5547688463140358
48,40,0.2,wfe,0.9588748014092191,0.5681359276417484,0.5543523531861724
40,60,0.3,wfe,0.9588864407365787,0.568154262833795,0.5489379425239483
32,40,0.2,wfe,0.9589015834270803,0.5681758532292716,0.5489379425239483
32,40,0.3,wfe,0.9589072615089994,0.5681832100874191,0.5518533944189921
40,20,0.4,wfe,0.9589513700772516,0.5681938532131721,0.5531028738025823
40,80,0.2,wfe,0.9589522230821397,0.5681930267231625,0.5476884631403582
40,0,0.1,wfe,0.9589571664058159,0.5681292486911363,0.5476884631403582
32,0,0.4,wfe,0.9589601838211407,0.5682050918866685,0.5489379425239483
40,0,0.4,wfe,0.9589633314709577,0.5682035653063872,0.5522698875468555
48,60,0.2,wfe,0.9589654994456583,0.5681994068216359,0.5518533944189921
32,20,0.4,wfe,0.958968871478892,0.5682094753110948,0.5497709287796751
40,20,0.1,wfe,0.9589866015107447,0.568150928308514,0.5489379425239483
40,40,0.4,wfe,0.9589885132676363,0.5682179026223481,0.5510204081632653
32,40,0.4,wfe,0.9590349620864058,0.5682540667904235,0.5481049562682215
40,80,0.3,wfe,0.9590470222185107,0.5682659718962871,0.5497709287796751
48,20,0.3,wfe,0.9590514264793966,0.5682738238219649,0.5514369012911287
32,60,0.3,wfe,0.9590557574497967,0.5682875329811055,0.5510204081632653
48,0,0.3,wfe,0.9590654632971054,0.5682833623965711,0.5539358600583091
48,0,0.1,wfe,0.9590705260569663,0.5682070550856925,0.550603915035402
32,60,0.2,wfe,0.9590731511520612,0.5682977001654518,0.5485214493960849
40,40,0.1,wfe,0.9590739219445683,0.5682129957334567,0.5497709287796751
40,60,0.4,wfe,0.9590753460618342,0.5682763187887713,0.5501874219075386
48,40,0.3,wfe,0.9590793868610399,0.5682928570393053,0.5510204081632653
48,20,0.1,wfe,0.9590801957635604,0.5682151114854729,0.5518533944189921
48,80,0.2,wfe,0.9591015002138292,0.5682943489220508,0.5497709287796751
32,20,0.5,wfe,0.9591167638293547,0.5682977290923688,0.5489379425239483
32,0,0.5,wfe,0.9591261358102621,0.5683072084010091,0.5497709287796751
48,40,0.1,wfe,0.9591367452044579,0.5682555130972571,0.5501874219075386
48,60,0.3,wfe,0.9591505590403238,0.5683414948461697,0.5501874219075386
32,60,0.4,wfe,0.9591584989259946,0.5683390942761601,0.5472719700124948
32,40,0.5,wfe,0.9591615032687423,0.5683258383291743,0.5489379425239483
40,20,0.5,wfe,0.9591648738167802,0.5683375263414233,0.5481049562682215
40,40,0.5,wfe,0.9591823697660514,0.5683464244647585,0.5493544356518117
40,100,0.2,wfe,0.9591890253872326,0.5683598999632372,0.5481049562682215
40,0,0.5,wfe,0.959194471829427,0.5683607529222127,0.5485214493960849
40,80,0.4,wfe,0.9592113775744177,0.5683690133877954,0.5497709287796751
40,60,0.1,wfe,0.9592195830804654,0.5683159213200004,0.5485214493960849
48,60,0.1,wfe,0.9592414411442916,0.568329289166978,0.5501874219075386
40,60,0.5,wfe,0.9592475478213458,0.5683880571553782,0.5481049562682215
40,100,0.3,wfe,0.9592576309282809,0.5684130441099533,0.5518533944189921
32,60,0.5,wfe,0.9592604031274087,0.5683917643879945,0.5493544356518117
32,80,0.3,wfe,0.9592640846930234,0.5684344884336187,0.5501874219075386
48,80,0.3,wfe,0.9592652820541739,0.5684202144748202,0.5489379425239483
48,100,0.2,wfe,0.9592824356609926,0.5684207378775842,0.5501874219075386
32,80,0.2,wfe,0.9593084958184794,0.5684650507705942,0.5476884631403582
48,20,0.4,wfe,0.9593132321771854,0.5684561408888915,0.5493544356518117
48,40,0.4,wfe,0.959321502157346,0.5684601050121194,0.550603915035402
32,80,0.4,wfe,0.9593383751066648,0.568464034584168,0.5460224906289046
48,0,0.4,wfe,0.9593457211106462,0.5684796822297409,0.5497709287796751
40,80,0.5,wfe,0.9593598165184901,0.5684622674186846,0.5481049562682215
48,60,0.4,wfe,0.9593717619772701,0.568492625850932,0.5514369012911287
48,80,0.1,wfe,0.9593947872629272,0.5684369630471268,0.5497709287796751
40,100,0.4,wfe,0.9593951398272476,0.568495253959437,0.5497709287796751
32,80,0.5,wfe,0.9594122691475613,0.5684949194854136,0.5485214493960849
56,20,0.2,wfe,0.9594132771817968,0.568518956096648,0.5531028738025823
48,100,0.3,wfe,0.9594230513103336,0.5685289388190471,0.5501874219075386
40,80,0.1,wfe,0.9594231717272118,0.5684595977336986,0.5489379425239483
56,40,0.2,wfe,0.9594295150492552,0.5685309562596689,0.5518533944189921
56,0,0.2,wfe,0.9594311422718962,0.5685299089861511,0.5531028738025823
32,0,0.1,wfe,0.9594389313794272,0.5684837188366512,0.5485214493960849
48,80,0.4,wfe,0.9594642705803847,0.5685541342207963,0.5493544356518117
56,60,0.2,wfe,0.9594818150510847,0.5685674457611584,0.5531028738025823
32,20,0.1,wfe,0.9594871966320886,0.5685186911946378,0.5510204081632653
40,100,0.5,wfe,0.959517532350542,0.5685681994256541,0.5497709287796751
32,100,0.3,wfe,0.9595302425379482,0.5686229531018866,0.5485214493960849
48,40,0.5,wfe,0.9595372259461288,0.5686093010634897,0.5468554768846314
24,0,0.4,wfe,0.9595462604192843,0.5686466020696743,0.5439400249895877
56,20,0.1,wfe,0.9595463879310407,0.5685474061866952,0.556018325697626
48,20,0.5,wfe,0.959547674720867,0.5686197812405154,0.5472719700124948
56,0,0.1,wfe,0.9595570974057392,0.5685533018459569,0.5551853394418992
24,0,0.5,wfe,0.9595596600184588,0.5686249564655211,0.5451895043731778
48,60,0.5,wfe,0.9595676457098774,0.568626437933585,0.5493544356518117
24,0,0.3,wfe,0.9595697107741096,0.5686944749648748,0.5481049562682215
24,20,0.5,wfe,0.9595707381054013,0.5686296515327801,0.5456059975010412
56,80,0.2,wfe,0.9595714885049529,0.5686295560197231,0.5539358600583091
56,40,0.1,wfe,0.9595723485427405,0.5685664919062436,0.5547688463140358
32,100,0.4,wfe,0.9595724680685983,0.5686276870805703,0.5447730112453144
24,20,0.4,wfe,0.9595767228238458,0.5686662768302283,0.5447730112453144
48,100,0.1,wfe,0.9595964886639611,0.5685785110507866,0.5514369012911287
48,0,0.5,wfe,0.9595977717489766,0.5686568271261846,0.5481049562682215
48,100,0.4,wfe,0.95959837209367,0.5686444597585562,0.5501874219075386
32,100,0.2,wfe,0.9596056672261989,0.5686767910251096,0.5472719700124948
32,40,0.1,wfe,0.9596056859530331,0.5686032756953859,0.550603915035402
32,100,0.5,wfe,0.9596148150971168,0.568633985074962,0.5489379425239483
24,20,0.3,wfe,0.9596185152443975,0.5687285364677979,0.5493544356518117
56,60,0.1,wfe,0.9596370674296928,0.5686121635327399,0.5547688463140358
48,80,0.5,wfe,0.9596390825039618,0.5686715497467303,0.5489379425239483
24,40,0.5,wfe,0.959642034112742,0.5686769921250044,0.5439400249895877
56,40,0.3,wfe,0.9596637878098194,0.5687122215361422,0.5501874219075386
56,20,0.3,wfe,0.9596649706203215,0.5687133131167376,0.550603915035402
24,40,0.4,wfe,0.9596726093723407,0.5687326689289663,0.5456059975010412
40,100,0.1,wfe,0.9596834287385188,0.5686433417388272,0.5497709287796751
56,60,0.3,wfe,0.9596975969408026,0.5687346791461684,0.550603915035402
56,100,0.2,wfe,0.9596991545474803,0.5687179610407457,0.5522698875468555
56,0,0.3,wfe,0.9596992180492315,0.5687364308842296,0.5518533944189921
24,40,0.3,wfe,0.9597384433841321,0.5688136486123434,0.5485214493960849
56,80,0.1,wfe,0.9597420277858699,0.5686856320413022,0.5539358600583091
48,100,0.5,wfe,0.9597506764757173,0.5687443254054743,0.5468554768846314
56,80,0.3,wfe,0.9597675939691254,0.5687817543417613,0.5497709287796751
24,60,0.5,wfe,0.9597731879746223,0.5687669034748523,0.5460224906289046
32,60,0.1,wfe,0.9597941268724928,0.5687374511046106,0.5489379425239483
24,0,0.2,wfe,0.9598048106263186,0.5688609529698219,0.5481049562682215
24,60,0.4,wfe,0.9598335607216131,0.5688457135512317,0.5435235318617243
24,20,0.2,wfe,0.9598676228862647,0.5689062481033764,0.546438983756768
56,100,0.3,wfe,0.9598742179420205,0.5688540232820779,0.5481049562682215
56,100,0.1,wfe,0.9598880010637751,0.5687876217585056,0.5510204081632653
56,40,0.4,wfe,0.9599096533834542,0.5688861914142846,0.550603915035402
56,60,0.4,wfe,0.9599234893230556,0.5688932911458441,0.5501874219075386
24,60,0.3,wfe,0.9599290636496839,0.5689497029295271,0.5485214493960849
56,20,0.4,wfe,0.959930201335087,0.5689020597118276,0.5510204081632653
24,80,0.5,wfe,0.959962561112107,0.5688984532880171,0.5443565181174511
56,80,0.4,wfe,0.9599728016380704,0.5689243630752137,0.5489379425239483
56,0,0.4,wfe,0.959983202295292,0.5689393634406835,0.5518533944189921
24,40,0.2,wfe,0.9600080035349171,0.5690072426849881,0.5447730112453144
32,80,0.1,wfe,0.9600513145553542,0.5689205753868849,0.5481049562682215
56,100,0.4,wfe,0.9600578452397782,0.5689798635664131,0.5481049562682215
24,80,0.4,wfe,0.9600580090502295,0.5690045348616161,0.5443565181174511
56,60,0.5,wfe,0.9601182700656032,0.5690293307640456,0.5481049562682215
56,40,0.5,wfe,0.9601230991638336,0.5690367071258265,0.5476884631403582
56,80,0.5,wfe,0.9601483166517762,0.5690454150829105,0.5481049562682215
56,20,0.5,wfe,0.960161832024614,0.5690666187630598,0.5485214493960849
24,80,0.3,wfe,0.9601888243783081,0.5691358369722828,0.5476884631403582
64,40,0.2,wfe,0.9601937288479804,0.5690768294303543,0.5501874219075386
64,20,0.2,wfe,0.9602065763084007,0.5690849175055914,0.550603915035402
24,100,0.5,wfe,0.960207391883596,0.5690699421007082,0.5418575593502707
64,60,0.2,wfe,0.9602085532273538,0.5690871470053589,0.5514369012911287
56,100,0.5,wfe,0.9602132661537787,0.5690852594243755,0.5476884631403582
24,60,0.2,wfe,0.9602253614487432,0.5691637156615239,0.5435235318617243
56,0,0.5,wfe,0.9602325596227826,0.5691175388312016,0.5485214493960849
64,0,0.2,wfe,0.9602443934476865,0.5691093612311996,0.5510204081632653
64,40,0.1,wfe,0.9602523117175352,0.569052286863945,0.5531028738025823
64,80,0.2,wfe,0.9602532866655873,0.5691176461731353,0.5531028738025823
64,20,0.1,wfe,0.9602564946754296,0.5690541559896409,0.5547688463140358
64,60,0.1,wfe,0.9602780158499047,0.5690706268256599,0.5539358600583091
64,0,0.1,wfe,0.9602876816842373,0.5690740708209439,0.5543523531861724
64,100,0.2,wfe,0.9603295772737841,0.5691697244033448,0.5551853394418992
64,80,0.1,wfe,0.9603360697936331,0.5691110814795309,0.5539358600583091
24,100,0.4,wfe,0.9603433287575645,0.5692075329437856,0.5447730112453144
32,100,0.1,wfe,0.9603751782248982,0.569151418561128,0.5468554768846314
64,100,0.1,wfe,0.9604283464133097,0.5691751608950246,0.5547688463140358
64,60,0.3,wfe,0.9604349926088975,0.5692646625945017,0.5489379425239483
64,40,0.3,wfe,0.9604377796716655,0.5692676426035784,0.5489379425239483
64,80,0.3,wfe,0.9604613426502782,0.5692811481140957,0.5493544356518117
64,20,0.3,wfe,0.960467623109754,0.5692884114143423,0.5497709287796751
24,100,0.3,wfe,0.9605151906629561,0.5693705107566569,0.5472719700124948
24,80,0.2,wfe,0.9605180718163755,0.5693747466069131,0.5426905456059975
64,100,0.3,wfe,0.9605182589045782,0.5693183607850366,0.5518533944189921
64,0,0.3,wfe,0.9605218750897327,0.5693249546654436,0.550603915035402
64,60,0.4,wfe,0.9606509163522302,0.569419001110437,0.5493544356518117
64,80,0.4,wfe,0.9606576714984131,0.5694203817568684,0.5497709287796751
64,40,0.4,wfe,0.9606730119609439,0.5694367724264585,0.550603915035402
64,100,0.4,wfe,0.9606945019526921,0.569442037203021,0.5489379425239483
64,20,0.4,wfe,0.9607219948739706,0.5694720964131927,0.5489379425239483
64,0,0.4,wfe,0.960795234303097,0.5695229645851553,0.5497709287796751
64,80,0.5,wfe,0.9608199738419692,0.5695338008889828,0.546438983756768
64,60,0.5,wfe,0.9608312225837736,0.5695464046774412,0.546438983756768
64,100,0.5,wfe,0.9608384273352654,0.5695411692974016,0.5468554768846314
64,40,0.5,wfe,0.9608711787697218,0.5695780177105799,0.5485214493960849
24,100,0.2,wfe,0.960883586843483,0.5696387748899284,0.5422740524781341
64,20,0.5,wfe,0.9609380242949673,0.5696271365143412,0.5481049562682215
24,0,0.1,wfe,0.9609424907380232,0.5695890810633847,0.5468554768846314
24,20,0.1,wfe,0.9610091318572563,0.5696377720801898,0.5476884631403582
64,0,0.5,wfe,0.9610291471858409,0.5696917562794326,0.5472719700124948
24,40,0.1,wfe,0.9611605968592237,0.5697472657450638,0.5489379425239483
24,60,0.1,wfe,0.9613960152976567,0.5699171327487249,0.550603915035402
48,0,0.0,wfe,0.9617004610963475,0.5699158773464746,0.5489379425239483
48,20,0.0,wfe,0.9617036010877493,0.569921189697547,0.5497709287796751
24,80,0.1,wfe,0.9617135304605035,0.5701462758935678,0.5497709287796751
48,40,0.0,wfe,0.9617603202155315,0.5699640867032317,0.5497709287796751
56,20,0.0,wfe,0.9618065572795357,0.5699931213618472,0.5514369012911287
56,0,0.0,wfe,0.9618238678813547,0.5700015972496425,0.550603915035402
56,40,0.0,wfe,0.9618330856827124,0.570015174521806,0.5531028738025823
48,60,0.0,wfe,0.9618718807699932,0.5700455033039218,0.550603915035402
56,60,0.0,wfe,0.9619056439349859,0.5700693438829108,0.5522698875468555
80,100,0.1,wfe,0.9619606206292624,0.5702720086053376,0.5547688463140358
80,80,0.1,wfe,0.9619699077783533,0.5702796578824496,0.5535193669304457
80,100,0.2,wfe,0.961977050168283,0.5703501127363524,0.5510204081632653
80,80,0.2,wfe,0.9619980749600311,0.5703665291999119,0.5510204081632653
80,60,0.1,wfe,0.9620007824770624,0.5703018155495597,0.5539358600583091
40,0,0.0,wfe,0.9620169432213534,0.5701490979954256,0.5472719700124948
56,80,0.0,wfe,0.96202562747057,0.570156685338799,0.5518533944189921
48,80,0.0,wfe,0.9620385837514367,0.5701657287291376,0.5501874219075386
80,60,0.2,wfe,0.9620386793110456,0.5703957992742696,0.5489379425239483
40,20,0.0,wfe,0.9620390276273232,0.5701670951206297,0.5468554768846314
80,40,0.1,wfe,0.9620492308666779,0.5703354407509567,0.5543523531861724
80,40,0.2,wfe,0.9620951720706589,0.5704350974361198,0.5497709287796751
24,100,0.1,wfe,0.9621104027265244,0.5704329862607028,0.5481049562682215
80,20,0.1,wfe,0.9621109385088173,0.5703773239985913,0.5535193669304457
40,40,0.0,wfe,0.9621249101105718,0.5702302247083785,0.5476884631403582
80,100,0.3,wfe,0.9621616348846199,0.5705001811794973,0.5481049562682215
80,20,0.2,wfe,0.962163546624748,0.5704814301904402,0.5481049562682215
80,0,0.1,wfe,0.9621815953143599,0.5704243175476812,0.5518533944189921
56,100,0.0,wfe,0.9621934761441165,0.570277596629381,0.5522698875468555
80,80,0.3,wfe,0.9621993110878505,0.5705292029521497,0.5460224906289046
64,40,0.0,wfe,0.9622023953158196,0.5702794609382514,0.5535193669304457
64,20,0.0,wfe,0.9622061022144124,0.570278357040362,0.5535193669304457
64,60,0.0,wfe,0.9622361307075341,0.5703064946910562,0.5535193669304457
80,0,0.2,wfe,0.9622397420093782,0.5705318316063506,0.5489379425239483
64,0,0.0,wfe,0.9622442056354785,0.5703009848403467,0.5535193669304457
80,60,0.3,wfe,0.9622561085433978,0.5705706076219382,0.5460224906289046
48,100,0.0,wfe,0.9622596899093384,0.5703243400106667,0.5510204081632653
40,60,0.0,wfe,0.9622748926360682,0.5703387623058771,0.5481049562682215
80,100,0.4,wfe,0.9623020711244286,0.5706020612613614,0.5468554768846314
64,80,0.0,wfe,0.9623097516134956,0.5703612681431,0.5539358600583091
80,40,0.3,wfe,0.9623286057859761,0.5706217612998843,0.5481049562682215
80,80,0.4,wfe,0.9623577748229935,0.570644863052125,0.5489379425239483
80,100,0.5,wfe,0.9624034788963359,0.5706724598338817,0.5460224906289046
80,20,0.3,wfe,0.962413002690938,0.57067982110437,0.5489379425239483
64,100,0.0,wfe,0.9624248868321422,0.5704450327719675,0.550603915035402
80,60,0.4,wfe,0.962432644455386,0.570700025913584,0.5481049562682215
80,80,0.5,wfe,0.962475380962702,0.5707277423222769,0.5472719700124948
40,80,0.0,wfe,0.9624882225754762,0.5704922774578018,0.5497709287796751
80,0,0.3,wfe,0.9625053425520677,0.5707419017160145,0.5472719700124948
80,40,0.4,wfe,0.9625234762265755,0.5707650727453921,0.5481049562682215
80,60,0.5,wfe,0.9625666851379941,0.5707955791079978,0.5460224906289046
80,20,0.4,wfe,0.9626266106576861,0.5708372601957359,0.5476884631403582
80,40,0.5,wfe,0.9626744165482151,0.5708736555505466,0.5460224906289046
80,0,0.4,wfe,0.9627381173865135,0.570913719641748,0.5472719700124948
40,100,0.0,wfe,0.9627630808849773,0.5706896150089158,0.550603915035402
80,20,0.5,wfe,0.9627950456146912,0.5709593165223608,0.5460224906289046
80,0,0.5,wfe,0.9629246753260439,0.5710497081629529,0.5443565181174511
32,0,0.0,wfe,0.9630178388748042,0.5708845180238099,0.5468554768846314
32,20,0.0,wfe,0.9630560200895038,0.570913342188025,0.5472719700124948
32,40,0.0,wfe,0.9631692772348575,0.5709958737412709,0.546438983756768
32,60,0.0,wfe,0.9633570194964463,0.571131784136929,0.5476884631403582
48,0,0.2,flat,0.9633585740020995,0.5713254376855265,0.5485214493960849
48,20,0.2,flat,0.9633755154639583,0.571340149580867,0.5460224906289046
48,40,0.2,flat,0.9634341166115098,0.5713841106824207,0.5460224906289046
80,80,0.0,wfe,0.9634439896789985,0.5711749781303802,0.5564348188254894
48,0,0.1,flat,0.9634508169362425,0.5713277085037887,0.5456059975010412
80,100,0.0,wfe,0.9634575636330793,0.571186739211544,0.5556018325697626
40,0,0.2,flat,0.9634584955477001,0.5714092976227447,0.5481049562682215
80,60,0.0,wfe,0.9634594366353463,0.5711832272535589,0.5556018325697626
48,20,0.1,flat,0.9634809461118722,0.5713512007647199,0.5456059975010412
40,20,0.2,flat,0.9634901651847801,0.5714339064247945,0.5481049562682215
80,40,0.0,wfe,0.9635000692058737,0.571208607013513,0.5547688463140358
48,60,0.2,flat,0.9635352330376763,0.5714580205369383,0.5460224906289046
56,0,0.1,flat,0.9635516116282314,0.5714018207469866,0.546438983756768
48,40,0.1,flat,0.9635563149207044,0.5714063844683157,0.5451895043731778
80,20,0.0,wfe,0.9635615572497903,0.5712479314500098,0.5526863806747189
56,20,0.1,flat,0.9635658366468007,0.5714146019584301,0.546438983756768
40,40,0.2,flat,0.9635724776231196,0.5714946142720669,0.5476884631403582
56,0,0.2,flat,0.9635915643434257,0.5714872855715287,0.5472719700124948
56,20,0.2,flat,0.9635923963149068,0.5714910847064937,0.5472719700124948
56,40,0.1,flat,0.9636159707167649,0.5714521740445513,0.5447730112453144
32,80,0.0,wfe,0.9636175962388142,0.5713200339435622,0.5472719700124948
56,40,0.2,flat,0.9636266471312132,0.5715179855049826,0.546438983756768
80,0,0.0,wfe,0.963639409053017,0.5712979672947043,0.5518533944189921
48,60,0.1,flat,0.9636777043832164,0.5714938991998577,0.5460224906289046
48,80,0.2,flat,0.9636792432880562,0.571562283664234,0.546438983756768
56,60,0.2,flat,0.9636958525679931,0.5715691709357351,0.546438983756768
56,60,0.1,flat,0.9637035724851732,0.5715157209045759,0.5460224906289046
40,60,0.2,flat,0.9637056720793802,0.5715916821416231,0.5460224906289046
48,0,0.3,flat,0.9637490263203572,0.5715996639679782,0.5439400249895877
40,0,0.1,flat,0.9637497831101368,0.5715456005472133,0.5460224906289046
48,20,0.3,flat,0.9637499774550826,0.5716022945538043,0.5443565181174511
40,0,0.3,flat,0.9637535980256302,0.5716132806896266,0.5447730112453144
40,20,0.3,flat,0.9637702524441799,0.5716266141885628,0.5456059975010412
48,40,0.3,flat,0.9637905752618001,0.5716326683855735,0.5426905456059975
40,20,0.1,flat,0.9637935204921794,0.5715781877720294,0.5443565181174511
56,80,0.2,flat,0.9638011015837107,0.5716455458208134,0.5472719700124948
56,80,0.1,flat,0.963829845906366,0.57160620872962,0.5468554768846314
40,40,0.3,flat,0.96383414381574,0.5716735513543598,0.5456059975010412
48,80,0.1,flat,0.9638455120358177,0.5716141550398426,0.5456059975010412
48,100,0.2,flat,0.9638660614522794,0.5716970080322439,0.546438983756768
48,60,0.3,flat,0.963871723680974,0.5716915441982893,0.5435235318617243
40,80,0.2,flat,0.9638894853948637,0.5717250616129602,0.5443565181174511
40,40,0.1,flat,0.963892862001599,0.5716503197143047,0.5439400249895877
64,20,0.1,flat,0.9639213497812621,0.5716729359332672,0.5481049562682215
64,0,0.1,flat,0.9639248366690172,0.5716722057247711,0.5497709287796751
56,100,0.2,flat,0.9639429953162405,0.5717476957761582,0.5476884631403582
64,40,0.1,flat,0.963945288028925,0.5716923007892257,0.5476884631403582
40,60,0.3,flat,0.9639456038935038,0.5717544389302701,0.5443565181174511
32,100,0.0,wfe,0.9639483462440968,0.5715588941585255,0.5481049562682215
48,80,0.3,flat,0.9639937321748393,0.5717793072479906,0.5418575593502707
56,100,0.1,flat,0.9639955630703024,0.5717243231531821,0.5468554768846314
64,60,0.1,flat,0.9639990138418865,0.5717320500798835,0.5485214493960849
56,20,0.3,flat,0.9640138239109179,0.5717886715071999,0.5435235318617243
56,0,0.3,flat,0.9640295484153973,0.571797459350757,0.5435235318617243
56,40,0.3,flat,0.9640305190750754,0.5718021876403316,0.5435235318617243
64,20,0.2,flat,0.9640371992770579,0.5718080859763183,0.5460224906289046
64,40,0.2,flat,0.9640464628482086,0.5718175293522892,0.5443565181174511
40,60,0.1,flat,0.9640478576457334,0.5717621276632231,0.5439400249895877
64,0,0.2,flat,0.9640537492567827,0.5718161744453821,0.546438983756768
32,0,0.2,flat,0.9640580789173547,0.5718665374007926,0.5439400249895877
48,100,0.1,flat,0.9640597197993013,0.5717673017271053,0.5447730112453144
56,60,0.3,flat,0.964081185426303,0.5718392274376404,0.5460224906289046
64,60,0.2,flat,0.9640838117378212,0.5718462084922713,0.5456059975010412
64,80,0.1,flat,0.9640845600868053,0.5717937268814635,0.5493544356518117
32,20,0.2,flat,0.9641032242205881,0.5719002267981073,0.5443565181174511
40,80,0.3,flat,0.9641043510992313,0.5718692372842029,0.5414410662224073
40,100,0.2,flat,0.9641231955755395,0.5718944128754282,0.5431070387338609
40,0,0.4,flat,0.9641440432801602,0.5718601039998811,0.5414410662224073
40,20,0.4,flat,0.9641448904071452,0.5718611525982652,0.5397750937109538
64,80,0.2,flat,0.9641510850142792,0.5718955558374508,0.5476884631403582
48,100,0.3,flat,0.9641563519691279,0.5718959822859184,0.5414410662224073
56,80,0.3,flat,0.9641667941836282,0.5719006444796838,0.5447730112453144
32,0,0.3,flat,0.9641748912775183,0.5719405184515063,0.5426905456059975
48,20,0.4,flat,0.9641759778366354,0.5718812528319477,0.5422740524781341
40,40,0.4,flat,0.9641902522841369,0.5718936229208395,0.538942107455227
48,0,0.4,flat,0.9641914706542992,0.5718914552495431,0.5435235318617243
48,40,0.4,flat,0.9641986144570883,0.5718975026106061,0.5422740524781341
64,100,0.1,flat,0.9642035213331269,0.5718785818207018,0.5476884631403582
32,20,0.3,flat,0.9642065612249453,0.5719641089989063,0.5414410662224073
32,40,0.2,flat,0.9642087732435433,0.5719776234342354,0.5443565181174511
64,100,0.2,flat,0.9642496225927655,0.5719666727357996,0.5493544356518117
40,80,0.1,flat,0.9642581452763693,0.5719134996971342,0.5439400249895877
48,60,0.4,flat,0.9642603071882023,0.5719409984261804,0.541024573094544
40,60,0.4,flat,0.9642805146407074,0.5719579167965254,0.5385256143273636
56,100,0.3,flat,0.9642877558797752,0.5719869264519126,0.5431070387338609
32,40,0.3,flat,0.964293297932181,0.572027511286834,0.5422740524781341
40,100,0.3,flat,0.9643095413703914,0.5720175425346548,0.5401915868388172
48,80,0.4,flat,0.964361281052045,0.5720120875353953,0.5385256143273636
32,60,0.2,flat,0.9643744271043946,0.5720986049546534,0.5435235318617243
40,80,0.4,flat,0.9644153207752035,0.5720539601339046,0.5385256143273636
32,60,0.3,flat,0.9644349573470646,0.5721307229206853,0.5414410662224073
32,0,0.4,flat,0.9644517695124075,0.5720953236343406,0.5406080799666806
56,40,0.4,flat,0.9644554925054234,0.5720847847479374,0.5447730112453144
56,20,0.4,flat,0.9644564034049643,0.5720851971277631,0.5435235318617243
32,20,0.4,flat,0.9644683621938258,0.5721072349120141,0.541024573094544
64,40,0.3,flat,0.9644695381180605,0.5721171985397456,0.5468554768846314
64,20,0.3,flat,0.9644773523256929,0.5721208934253945,0.5468554768846314
56,60,0.4,flat,0.9644878943992076,0.5721072612184502,0.5439400249895877
56,0,0.4,flat,0.9644890766041442,0.5721072599311188,0.5435235318617243
64,60,0.3,flat,0.9644895405331755,0.5721324734619935,0.5451895043731778
48,100,0.4,flat,0.9645011069312247,0.5721106894088042,0.538942107455227
64,0,0.3,flat,0.9645107401599708,0.5721418504345618,0.5460224906289046
40,20,0.5,flat,0.9645138364177572,0.5720939501952836,0.5406080799666806
40,100,0.1,flat,0.9645229532953802,0.5721040727568056,0.5435235318617243
40,0,0.5,flat,0.9645278231744651,0.572104530877186,0.5414410662224073
32,40,0.4,flat,0.9645356185606643,0.5721555318950072,0.5414410662224073
64,80,0.3,flat,0.9645390589881411,0.5721680821099511,0.5443565181174511
40,40,0.5,flat,0.9645419238708546,0.5721127565555169,0.5397750937109538
56,80,0.4,flat,0.9645544853923437,0.5721534338995375,0.5439400249895877
48,20,0.5,flat,0.9645788052409028,0.5721467676269951,0.5426905456059975
48,40,0.5,flat,0.9645849657243177,0.5721499064536628,0.5426905456059975
40,100,0.4,flat,0.9645936632028336,0.5721812525378661,0.5397750937109538
32,80,0.2,flat,0.9645993436131324,0.5722627039986626,0.5426905456059975
48,0,0.5,flat,0.9646093650485275,0.572168842014894,0.5426905456059975
40,60,0.5,flat,0.964612453607748,0.5721613498871471,0.5385256143273636
64,100,0.3,flat,0.9646192058048649,0.5722250006648434,0.5447730112453144
48,60,0.5,flat,0.9646287571313769,0.5721790531389372,0.5418575593502707
32,80,0.3,flat,0.9646307317088186,0.5722733112581174,0.541024573094544
32,60,0.4,flat,0.9646534542219423,0.5722402665077606,0.5401915868388172
56,100,0.4,flat,0.9646554794488135,0.5722236742677239,0.5426905456059975
32,0,0.1,flat,0.9646568923975165,0.5722140074614303,0.5393586005830904
48,80,0.5,flat,0.9647102811210919,0.5722344778491802,0.5418575593502707
32,20,0.1,flat,0.9647116102252437,0.5722540085202235,0.5397750937109538
40,80,0.5,flat,0.9647249652766949,0.5722395916752757,0.5381091211995002
32,0,0.5,flat,0.9647542940732712,0.572268838417034,0.5401915868388172
32,20,0.5,flat,0.964756148597821,0.5722692579965996,0.5401915868388172
32,40,0.5,flat,0.9648047959064854,0.5723029352652251,0.5406080799666806
32,80,0.4,flat,0.9648210187150071,0.5723609891230991,0.5414410662224073
48,100,0.5,flat,0.9648289061130642,0.5723159653084064,0.5401915868388172
32,40,0.1,flat,0.9648334754356466,0.5723425168538318,0.5406080799666806
56,40,0.5,flat,0.9648486877401018,0.5723478578212358,0.5414410662224073
56,60,0.5,flat,0.9648644303758369,0.5723568970337121,0.5418575593502707
56,20,0.5,flat,0.964865576162995,0.5723610481433692,0.5422740524781341
40,100,0.5,flat,0.9648782549601436,0.5723468496312273,0.5368596418159101
32,100,0.3,flat,0.9648792353481966,0.5724544609565251,0.5401915868388172
32,100,0.2,flat,0.9648821910637007,0.5724691342586177,0.5418575593502707
64,40,0.4,flat,0.964891232579728,0.572401765861383,0.5472719700124948
64,60,0.4,flat,0.9648938296939963,0.5724030681228711,0.5451895043731778
32,60,0.5,flat,0.9649001528776172,0.5723699308539355,0.5406080799666806
56,80,0.5,flat,0.964913548287828,0.5723888904791932,0.5406080799666806
56,0,0.5,flat,0.9649135786323176,0.5723952402096117,0.5431070387338609
64,20,0.4,flat,0.964916398405558,0.5724192505098066,0.5472719700124948
64,80,0.4,flat,0.9649257734802006,0.5724244584092716,0.5447730112453144
64,0,0.4,flat,0.9649671005206589,0.5724538074443186,0.5472719700124948
64,100,0.4,flat,0.9649879738024937,0.5724667910527707,0.5439400249895877
56,100,0.5,flat,0.9649960470556773,0.5724440714940849,0.5414410662224073
32,60,0.1,flat,0.9650218951599683,0.572479215965229,0.541024573094544
32,100,0.4,flat,0.9650367857571126,0.5725167987362426,0.5414410662224073
32,80,0.5,flat,0.9650412719851535,0.572469733578289,0.541024573094544
80,60,0.1,flat,0.9650995653806698,0.572526938901487,0.5489379425239483
80,80,0.1,flat,0.96510611277689,0.572533148385815,0.5489379425239483
80,40,0.1,flat,0.9651131312586593,0.5725342631352006,0.5493544356518117
80,100,0.1,flat,0.9651360169540455,0.5725552962521127,0.5476884631403582
80,20,0.1,flat,0.9651431015247411,0.5725524035971897,0.5485214493960849
24,0,0.0,wfe,0.9651778140077611,0.5724787856035631,0.5422740524781341
80,0,0.1,flat,0.9651855101140118,0.5725784842395417,0.5485214493960849
32,100,0.5,flat,0.9652264516106679,0.5726013247161901,0.5393586005830904
24,20,0.0,wfe,0.9652288965273608,0.572516757303648,0.5435235318617243
24,0,0.3,flat,0.965233974831047,0.5727528519029266,0.538942107455227
64,60,0.5,flat,0.9652617788655299,0.5726506172052194,0.5418575593502707
64,40,0.5,flat,0.9652749658190493,0.5726621099402346,0.5435235318617243
32,80,0.1,flat,0.9652758111813138,0.5726635047856353,0.5397750937109538
64,80,0.5,flat,0.965277658179436,0.5726588906516079,0.5406080799666806
24,20,0.3,flat,0.9652804450260578,0.572786738662036,0.5385256143273636
80,80,0.2,flat,0.9652850755354021,0.5727081234752104,0.5468554768846314
24,0,0.4,flat,0.9652858913119959,0.5727314348326118,0.5376926280716369
80,60,0.2,flat,0.9652917052041445,0.5727109560248921,0.546438983756768
80,100,0.2,flat,0.9653007154056612,0.5727205119487812,0.5468554768846314
64,20,0.5,flat,0.9653157813207113,0.572692159797368,0.5456059975010412
80,40,0.2,flat,0.9653177162246382,0.5727268239003789,0.5439400249895877
24,20,0.4,flat,0.9653180678329342,0.5727542207465999,0.5368596418159101
64,100,0.5,flat,0.9653232995632607,0.5726876414918898,0.5406080799666806
80,20,0.2,flat,0.9653596881050408,0.5727531873455731,0.5431070387338609
24,40,0.0,wfe,0.9653686800493995,0.5726189790788632,0.5439400249895877
64,0,0.5,flat,0.9653820455769863,0.5727390716388941,0.546438983756768
24,40,0.3,flat,0.9653895554490419,0.572866573142948,0.5385256143273636
24,40,0.4,flat,0.965406111704406,0.5728177840131737,0.5372761349437735
80,0,0.2,flat,0.9654138292107831,0.5727872754851374,0.5414410662224073
24,0,0.5,flat,0.9654262705076703,0.5727695773063642,0.5393586005830904
24,20,0.5,flat,0.9654434981243805,0.5727807535894238,0.5385256143273636
24,0,0.2,flat,0.9654453652101653,0.5729172650020095,0.5393586005830904
24,20,0.2,flat,0.965503071608087,0.572959693915678,0.541024573094544
24,40,0.5,flat,0.9655107797312602,0.5728281175581493,0.5397750937109538
56,0,0.0,flat,0.9655192613124612,0.5726437689781835,0.5468554768846314
56,20,0.0,flat,0.9655474381321613,0.5726637500950347,0.5460224906289046
24,60,0.4,flat,0.9655495483497952,0.5729218710744004,0.5368596418159101
24,60,0.3,flat,0.965560741904038,0.5729920328693523,0.5385256143273636
32,100,0.1,flat,0.9655937302008225,0.5728945053501675,0.5393586005830904
24,60,0.0,wfe,0.9655959301177345,0.5727846872718182,0.5443565181174511
56,40,0.0,flat,0.9656176156988173,0.5727131175595331,0.5468554768846314
64,0,0.0,flat,0.9656218070610086,0.5727289572775028,0.5476884631403582
24,60,0.5,flat,0.9656276577937026,0.5729114321766661,0.5368596418159101
24,40,0.2,flat,0.9656314115890907,0.5730539175273796,0.5406080799666806
64,20,0.0,flat,0.9656320595232573,0.5727366570803463,0.546438983756768
80,80,0.3,flat,0.9656710917547993,0.5729822497390223,0.5468554768846314
80,100,0.3,flat,0.9656720765354054,0.5729829378593502,0.5472719700124948
64,40,0.0,flat,0.9656757648402613,0.5727674328896026,0.5476884631403582
80,60,0.3,flat,0.9656926105546362,0.5729969148653778,0.5460224906289046
56,60,0.0,flat,0.9657310742198115,0.5727929046270365,0.5451895043731778
80,40,0.3,flat,0.9657340080205069,0.5730249077967537,0.5443565181174511
48,0,0.0,flat,0.9657378930717985,0.5727919084192307,0.5476884631403582
24,80,0.4,flat,0.9657470903551402,0.5730656742038381,0.5368596418159101
64,60,0.0,flat,0.9657551433449599,0.5728229678148352,0.5456059975010412
48,20,0.0,flat,0.965780931749381,0.5728220821562007,0.5485214493960849
80,20,0.3,flat,0.9657920489956048,0.5730637975795281,0.5456059975010412
24,80,0.3,flat,0.9657927167017075,0.5731623018124754,0.5372761349437735
24,80,0.5,flat,0.9657927861362712,0.5730298546838815,0.5356101624323198
24,60,0.2,flat,0.9658296248300628,0.5731994741740412,0.541024573094544
80,0,0.3,flat,0.9658630216346054,0.5731108511923224,0.5447730112453144
64,80,0.0,flat,0.9658720214266108,0.5729047019639081,0.5472719700124948
48,40,0.0,flat,0.9658752104322654,0.5728886414407468,0.5472719700124948
56,80,0.0,flat,0.9658886592221155,0.5729038802765791,0.5468554768846314
24,80,0.0,wfe,0.9659084035444756,0.5730124239802364,0.5443565181174511
24,100,0.4,flat,0.9659967268977032,0.5732478826868527,0.5368596418159101
24,100,0.5,flat,0.9660040315192517,0.5731819963580559,0.5339441899208663
80,100,0.4,flat,0.9660097759283192,0.5732086168225731,0.5431070387338609
48,60,0.0,flat,0.9660210688237828,0.5729919684944056,0.5476884631403582
80,80,0.4,flat,0.9660241068158242,0.5732205749169146,0.5447730112453144
64,100,0.0,flat,0.966027668157441,0.5730137066004776,0.5468554768846314
80,60,0.4,flat,0.9660612798501217,0.5732480539881379,0.5456059975010412
24,100,0.3,flat,0.9660835451429193,0.573376112658344,0.5368596418159101
56,100,0.0,flat,0.9660906581471069,0.573046450157445,0.5485214493960849
24,80,0.2,flat,0.9660963197139102,0.5733954733416635,0.5414410662224073
80,40,0.4,flat,0.966118889294158,0.5732891687886162,0.5451895043731778
80,20,0.4,flat,0.9661938438944768,0.5733415751686141,0.5435235318617243
48,80,0.0,flat,0.96621838672492,0.5731321700262512,0.546438983756768
80,0,0.4,flat,0.9662824878241895,0.5734025638217184,0.5439400249895877
24,100,0.0,wfe,0.966302960601243,0.5733001002558828,0.5426905456059975
80,100,0.5,flat,0.9663073748193333,0.5734077514792512,0.5414410662224073
80,80,0.5,flat,0.9663357956440485,0.5734313811350056,0.5422740524781341
80,60,0.5,flat,0.9663872240698428,0.5734705943810294,0.5443565181174511
80,40,0.0,flat,0.9664097929073798,0.5733163759759874,0.5497709287796751
40,0,0.0,flat,0.9664187598129681,0.5732819835001998,0.5439400249895877
80,60,0.0,flat,0.9664189493995742,0.5733226190929857,0.550603915035402
80,20,0.0,flat,0.9664225989054583,0.5733249536257718,0.550603915035402
24,100,0.2,flat,0.9664295323977554,0.5736406259431592,0.541024573094544
80,0,0.0,flat,0.9664533818504344,0.573345450489171,0.5489379425239483
80,80,0.0,flat,0.9664537749282717,0.5733464191569684,0.5489379425239483
80,40,0.5,flat,0.9664594847672443,0.5735236621426839,0.5443565181174511
48,100,0.0,flat,0.9664665117174261,0.573309012000372,0.5447730112453144
40,20,0.0,flat,0.9664724404388819,0.5733195571528317,0.5460224906289046
80,100,0.0,flat,0.9665174477378051,0.5733901625162681,0.5497709287796751
24,0,0.1,flat,0.966540121883953,0.5736126586053495,0.5376926280716369
80,20,0.5,flat,0.9665496514693981,0.5735883462635901,0.5456059975010412
40,40,0.0,flat,0.9665874875984407,0.5734014037013758,0.5451895043731778
24,20,0.1,flat,0.9666033086406836,0.5736587874423142,0.5364431486880467
80,0,0.5,flat,0.9666541427020586,0.573661976060581,0.5456059975010412
24,40,0.1,flat,0.9667462944549697,0.5737633822008833,0.534777176176593
40,60,0.0,flat,0.966763366951651,0.573527295628873,0.5447730112453144
24,60,0.1,flat,0.96696798258157,0.5739257593184123,0.5339441899208663
40,80,0.0,flat,0.9669990688973246,0.573696716839526,0.5431070387338609
24,80,0.1,flat,0.9672667162024537,0.5741448586762365,0.5343606830487297
40,100,0.0,flat,0.9672930986735917,0.5739088383240565,0.5418575593502707
24,100,0.1,flat,0.9676403383031523,0.5744192704692554,0.534777176176593
32,0,0.0,flat,0.9677943339624233,0.5742937373793107,0.5406080799666806
32,20,0.0,flat,0.9678535920559465,0.5743355181253718,0.5406080799666806
32,40,0.0,flat,0.9679855179302781,0.5744305363065301,0.5406080799666806
32,60,0.0,flat,0.9681888761139401,0.5745780596529344,0.5401915868388172
32,80,0.0,flat,0.9684619450125072,0.5747770415322574,0.5401915868388172
32,100,0.0,flat,0.9688025660870982,0.5750261342470968,0.5414410662224073
24,0,0.0,flat,0.9702893841010849,0.5761510714226011,0.538942107455227
24,20,0.0,flat,0.9703498454466378,0.5761945954655516,0.5393586005830904
24,40,0.0,flat,0.9704960129413277,0.5763016124585949,0.5397750937109538
24,60,0.0,flat,0.9707263023072603,0.5764710992155686,0.5393586005830904
24,80,0.0,flat,0.9710386325330372,0.5767016730126212,0.5393586005830904
24,100,0.0,flat,0.9714305105498894,0.576991630902003,0.538942107455227
